Title,Story  
"The Magic Crayon","Ella found a crayon in her backyard. When she drew a flower, it bloomed in real life! She drew a tree, and it grew tall and strong. Excited, she drew a castle, but it was too big for her yard. The crayon whispered, 'Use me wisely.' Ella smiled and drew a playground for all the kids in her neighborhood."  
"The Talking Cat","Max’s cat, Whiskers, meowed loudly one morning. 'Can you keep it down?' Max asked. To his surprise, Whiskers replied, 'Only if you give me tuna.' Max blinked. 'You can talk?' 'Of course,' Whiskers said. 'I just didn’t think you were ready to hear me.' From then on, Max and Whiskers had long chats about the world—over tuna, of course."  
"The Cloud Jumper","Lila loved watching clouds. One day, a fluffy cloud floated down and whispered, 'Want to jump on me?' She climbed aboard and bounced from cloud to cloud, laughing as the wind tickled her face. When she returned home, she told her parents, but they just smiled. Only Lila knew the secret of the cloud jumper."  
"The Lost Sock Kingdom","Ben always lost socks in the laundry. One day, he crawled into the dryer and found a tiny kingdom! The socks were alive, building castles and bridges. 'Why do you take my socks?' Ben asked. 'We need them for our homes!' a sock king replied. Ben laughed and promised to send them his old socks."  
"The Friendly Dragon","In a quiet village, a dragon named Ember lived in a cave. The villagers were scared, but little Mia wasn’t. She brought Ember cookies and asked, 'Why don’t you come out?' 'I’m afraid people won’t like me,' Ember said. Mia held his claw. 'I like you.' Soon, Ember became the village’s best friend, roasting marshmallows for everyone."  
"The Invisible Friend","Sam had an invisible friend named Pip. One day, Pip said, 'I have to leave.' 'Why?' Sam asked. 'You don’t need me anymore,' Pip replied. Sam hugged the air. 'I’ll always remember you.' Years later, Sam told his own kids about Pip, and they smiled, imagining their own invisible friends."  
"The Star Collector","Luna loved stars. One night, a shooting star landed in her backyard. 'Can I keep you?' she asked. The star twinkled. 'Only if you share my light.' Luna placed the star in a jar and used it as a lantern to guide lost animals home."  
"The Tiny Door","In her garden, Sophie found a tiny door at the base of a tree. She opened it and found a world of fairies! 'Welcome,' they said. 'Would you like to stay?' Sophie smiled. 'I’ll visit, but I have to go home for dinner.'"  
"The Brave Snail","Shelly the snail wanted to see the world. 'You’re too slow,' the other snails said. But Shelly didn’t listen. She traveled through gardens, forests, and even a playground. When she returned, she told amazing stories, and the other snails finally believed in her."  
"The Moon’s Gift","One night, the moon whispered to Leo, 'I have a gift for you.' The next morning, Leo found a glowing rock in his yard. When he held it, he felt brave and happy. Leo kept the moon’s gift close, knowing it was a reminder of its light."  
"The Singing Tree","In the middle of the park, there was a tree that sang. Kids gathered around to listen to its songs about seasons and stars. One day, the tree stopped singing. 'Why?' the kids asked. 'I need water,' the tree said. The kids watered it every day, and the tree sang again."  
"The Kite That Flew Away","Maya’s kite flew so high, it disappeared into the clouds. Weeks later, it returned with a note: 'Thank you for letting me visit the sky.' Maya smiled and sent the kite back up with another note: 'Come back anytime.'"  
"The Puzzle Box","Tom found a box with strange symbols. When he solved the puzzle, the box opened, revealing a tiny glowing bird. 'Thank you for freeing me,' it chirped. The bird flew away, leaving behind a feather that sparkled like gold."  
"The Rainbow Bridge","After a storm, Mia saw a rainbow. When she touched it, it turned into a bridge. She crossed it and found a land full of colorful creatures. They gave her a rainbow stone to remember them by."  
"The Helpful Robot","Tim built a robot named Zippy. Zippy cleaned his room, did his homework, and even made pancakes. But one day, Zippy said, 'I want to play too.' Tim realized robots need fun, so they played hide-and-seek together."  
"The Secret Tunnel","In the basement, Ella found a tunnel. It led to a magical forest where animals talked. 'Can I stay?' she asked. 'Only if you promise to visit your family,' the animals said. Ella agreed and visited the forest every weekend."  
"The Balloon Adventure","Jack tied balloons to his chair and floated into the sky. He met birds, clouds, and even a friendly airplane. When he landed, he told his friends, but they didn’t believe him—until they saw the feathers in his hair."  
"The Magic Shoes","Lila found shoes that made her dance perfectly. She danced in competitions and won trophies. But one day, the shoes stopped working. Lila realized she didn’t need them—she had learned to dance on her own."  
"The Snowman’s Wish","A snowman wished to see summer. A fairy granted his wish, turning him into a puddle. But when winter returned, he became a snowman again, happy to have seen the sun."  
"The Friendly Ghost","In an old house, Mia met a ghost named Boo. 'I just want a friend,' Boo said. Mia played games with Boo every day, and the ghost never felt lonely again."  
"The Magic Mirror","Liam found a mirror that showed the future. He saw himself helping a friend, so he decided to make it happen. The mirror smiled, proud of Liam’s kindness."  
"The Flying Bicycle","Tom’s bike grew wings one day. He flew over mountains and rivers, waving to people below. When he landed, he promised to keep the bike’s secret."  
"The Tiny Giant","In a hidden valley, Mia met a giant the size of a mouse. He helped her find her lost bracelet, and she promised to visit him often."  
"The Starry Picnic","Lila had a picnic under the stars. To her surprise, the stars came down to join her, twinkling like fireflies. She shared her sandwiches and laughed with the stars all night."  
"The Magic Pen","Ben’s pen wrote stories on its own. One day, it wrote about a treasure map. Ben followed the map and found a chest full of books, each with a new adventure."  
"The Jellybean Tree","In her backyard, Emma planted a jellybean. The next morning, a tree full of colorful jellybeans had grown! She shared the candy with her friends, but they promised to keep the tree a secret. Every spring, the tree grew more jellybeans, and Emma’s backyard became the sweetest place in town."  
"The Friendly Whale","While at the beach, Sam saw a whale stuck in shallow water. 'Don’t worry, I’ll help you,' Sam said. He called for help, and soon the whale was free. Before swimming away, the whale splashed a heart-shaped wave, thanking Sam for his kindness."  
"The Magic Backpack","Lila’s new backpack was special—it could hold anything! She packed a ladder, a boat, and even a trampoline. When her friends needed help, Lila always had the perfect thing in her magic backpack."  
"The Secret Garden","In the middle of a field, Mia found a garden hidden behind a wall of vines. Inside, flowers glowed, and animals spoke. 'How did you find us?' a rabbit asked. 'I followed the butterflies,' Mia said. The garden became her favorite place to visit."  
"The Runaway Shadow","One morning, Max’s shadow ran away. 'Come back!' Max shouted, chasing it through the park. Finally, the shadow stopped. 'I just wanted to play,' it said. Max laughed and promised to play hide-and-seek with his shadow every day."  
"The Chocolate River","In a dream, Ella found a river made of chocolate. She built a boat out of marshmallows and floated downstream, eating as she went. When she woke up, her pillow smelled like chocolate, and she wondered if the dream had been real."  
"The Tiny Knight","Ben found a tiny knight in his toy box. 'I’m here to protect you,' the knight said. Ben laughed but let the knight stay. That night, the knight scared away a spider, proving he was braver than he looked."  
"The Rainbow Fish","While fishing, Mia caught a fish with rainbow scales. 'Let me go, and I’ll grant you a wish,' the fish said. Mia wished for her family to always be happy. The fish swam away, leaving behind a single rainbow scale as a thank-you."  
"The Floating Island","Tom found an island that floated in the sky. He climbed aboard and discovered a village of birds who could talk. 'Stay with us,' they said. Tom promised to visit often, bringing stories from the ground below."  
"The Magic Chalk","Lila’s chalk drawings came to life. She drew a dog, and it wagged its tail. She drew a door, and it opened to a magical world. Lila spent the whole day exploring, knowing her chalk could take her anywhere."  
"The Ice Cream Cloud","One summer day, a cloud rained ice cream! Kids ran outside with bowls and spoons, catching chocolate, vanilla, and strawberry scoops. When the cloud floated away, it left behind a rainbow made of sprinkles."  
"The Book That Never Ended","In the library, Mia found a book that kept writing itself. Every time she turned the page, a new adventure appeared. She read for hours, wondering if the book would ever stop."  
"The Dancing Shoes","At a thrift store, Ben found shoes that made him dance. He couldn’t stop twirling and spinning, even in the grocery store! When he finally took them off, he realized he had learned to dance all on his own."  
"The Glow-in-the-Dark Forest","While camping, Ella wandered into a forest where everything glowed—trees, flowers, even the animals. A glowing fox led her back to her tent, and she promised to visit the magical forest again."  
"The Giant’s Hat","Mia found a giant’s hat in the woods. When she put it on, she grew as tall as the trees! She used her new height to rescue a kitten stuck in a tree before returning the hat to its owner."  
"The Bubble Adventure","Tom blew a bubble so big, it carried him into the sky. He floated over mountains and oceans, waving to birds and airplanes. When the bubble popped, he landed safely in his backyard, ready to blow another."  
"The Secret Message","Lila found a bottle on the beach with a note inside. 'Help me find my treasure,' it read. She followed the map and found a chest filled with seashells and a thank-you note from a friendly crab."  
"The Flying Library","One day, the library grew wings and flew into the sky. Mia climbed aboard and found books that told stories as she read them. When the library landed, she promised to visit every day."  
"The Magic Umbrella","Ben’s umbrella didn’t just keep him dry—it made him fly! He soared over the city, helping people stuck in the rain. When the storm ended, he landed safely, ready for his next adventure."  
"The Friendly Snowflake","A snowflake landed on Ella’s nose and whispered, 'Follow me.' She chased it to a hidden igloo, where penguins were having a party. Ella danced with them until the snowflake said, 'Time to go home.'"  
"The Talking Clock","Lila’s clock started talking one morning. 'You’re always late,' it said. Lila laughed and promised to be on time from now on. The clock smiled, its hands ticking happily."  
"The Candy Cane Forest","In her dream, Mia found a forest where trees grew candy canes. She filled her pockets and shared them with her friends the next day. When she woke up, she found a single candy cane on her pillow."  
"The Magic Paint","Tom’s paintbrush turned everything he painted into real life. He painted a boat and sailed across a lake, then painted a bridge to get back home. He kept the paintbrush safe, knowing it was a special gift."  
"The Starry Friend","One night, a star fell into Mia’s backyard. 'I’m lost,' it said. Mia helped it climb back into the sky using a ladder made of moonlight. The star twinkled brightly, thanking her for her kindness."  
"The Secret Song","Lila heard a bird singing a beautiful song. 'Teach me,' she said. The bird taught her the melody, and Lila sang it every day. Soon, the whole town was humming the bird’s secret song."